-- MEMBERTYPE 회원유형 ID
INSERT INTO MEMBERTYPE (MEMBERTYPE_ID, MEMBERTYPE)
VALUES
('M_01', '환자'),
('M_02', '가족'),
('M_03', '파트너'),
('M_04', '전문의');

-- GENDER 성별
INSERT INTO GENDER (GENDER_ID, GENDER)
VALUES
('G_01', '남성'),
('G_02', '여성');

-- DEMENTIA_STAGE 치매진행단계
INSERT INTO DEMENTIA_STAGE (STAGE_ID, STAGE)
VALUES
('DS_01', '경증'),
('DS_02', '중등도'),
('DS_03', '중증');

-- MEDICALDEPARTMENT 진료과 ID
INSERT INTO MEDICALDEPARTMENT (MEDICALDEPARTMENT_ID, MEDICALDEPARTMENT)
VALUES
('MD_01', '가정의학과'),
('MD_02', '감염내과'),
('MD_03', '내분비대사내과'),
('MD_04', '류마티스내과'),
('MD_05', '소화기내과'),
('MD_06', '순환기내과'),
('MD_07', '신장내과'),
('MD_08', '알레르기내과'),
('MD_09', '입원전담내과'),
('MD_10', '혈액종양내과'),
('MD_11', '호흡기내과'),
('MD_12', '마취통증의학과'),
('MD_13', '방사선종양학과'),
('MD_14', '병리과'),
('MD_15', '비뇨의학과'),
('MD_16', '산부인과'),
('MD_17', '성형외과'),
('MD_18', '소아청소년과'),
('MD_19', '소아청소년_감염면역결핍분과'),
('MD_20', '소아청소년_내분비유전대사분과'),
('MD_21', '소아청소년_소화기영양분과'),
('MD_22', '소아청소년_신경분과'),
('MD_23', '신생아분과'),
('MD_24', '소아청소년_신장분과'),
('MD_25', '소아청소년_심장분과'),
('MD_26', '소아청소년_알레르기호흡기분과'),
('MD_27', '소아청소년_응급의학분과'),
('MD_28', '소아청소년_혈액종양분과'),
('MD_29', '신경과'),
('MD_30', '신경외과'),
('MD_31', '심장혈관흉부외과'),
('MD_32', '안과'),
('MD_33', '영상의학과'),
('MD_34', '간담췌외과분과'),
('MD_35', '내분비외과분과'),
('MD_36', '대장항문외과분과'),
('MD_37', '소아외과분과'),
('MD_38', '외과'),
('MD_39', '위장관외과분과'),
('MD_40', '유방외과분과'),
('MD_41', '이식외과분과'),
('MD_42', '혈관외과분과'),
('MD_43', '응급의학과'),
('MD_44', '이비인후과'),
('MD_45', '재활의학과'),
('MD_46', '정신건강의학과'),
('MD_47', '정형외과'),
('MD_48', '중환자의학과'),
('MD_49', '진단검사의학과'),
('MD_50', '치과'),
('MD_51', '피부과'),
('MD_52', '핵의학과');


-- MEMBERS 회원 DB
INSERT INTO MEMBERS (PHOTO, MEMBERTYPE_ID, MEMBERID, MEMBERPW, MEMBERNAME, GENDER_ID, BIRTHDATE, PHONENUMBER, MEMBERADDRESS, EMAIL, INTRODUCTION)
VALUES
('file_7rt5L.png', 'M_03', 'hong90', '5b8Bz7', '홍길동', 'G_01', '1990-05-15', '01012345678', '서울특별시 강남구 123번지', 'hgd0515@naver.com', '저는 파트너로 활동하고 있는 홍길동입니다. 제 경험과 전문지식을 통해 최선을 다해 도움을 드리겠습니다.'),
('image_h9Ku3.png', 'M_01', 'park85', 'J6e9R5', '박지영', 'G_02', '1985-09-22', '01098765432', '경기도 성남시 456번지', 'pjy0922@daum.net', '저는 환자로서 여러분을 찾아왔어요. 제 건강 상태를 개선하고 싶어서 도움을 요청합니다.'),
('pic_E4s7F.png', 'M_04', 'kim92', 'T8m4N9', '김철수', 'G_01', '1992-12-10', '01078901234', '인천광역시 부평구 789번지', 'kcs921210@gmail.com', '저는 푸른별 내과병원의 내과 전문의입니다. 여러분의 건강을 위해 전문적인 진단과 치료를 제공하고 있습니다.'),
('data_w3Pm8.png', 'M_02', 'lee98', 'V1u7K0', '이영희', 'G_02', '1998-03-27', '01065432109', '대구광역시 동구 321번지', 'lyh0327@naver.com', '저는 가족으로서 여러분과 함께하는 이영희입니다. 소중한 가족들과의 시간을 더욱 행복하게 만들고 싶어요.'),
('photo_M2x8N.png', 'M_01', 'choi87', 'R5g8J2', '최성호', 'G_01', '1987-07-01', '01001234567', '부산광역시 해운대구 567번지', 'csh0701@gmail.com', '저는 환자로서 여러분의 도움을 필요로 합니다. 건강 문제를 함께 해결해 나갈 수 있기를 바랍니다.'),
('picture_y7Rd2.png', 'M_04', 'jung93', 'G2x6T9', '정민지', 'G_02', '1993-11-08', '01024681357', '경기도 수원시 246번지', 'jmj1193@naver.com', '저는 희망정신과의원에서 정신과 전문의로 활동하고 있어요. 마음의 건강을 돌보고 회복시키는 데 도움을 드리겠습니다.'),
('pic_X3t6P.png', 'M_03', 'kang89', 'H3v8Q4', '강철수', 'G_01', '1989-06-03', '01078903214', '서울특별시 마포구 789번지', 'kcs890603@gmail.com', '저는 파트너로서 여러분을 돕고 있습니다. 협력하여 원활한 서비스 제공에 기여하고자 합니다.'),
('image_K1s9F.png', 'M_01', 'song94', 'B7r5P0', '송영희', 'G_02', '1994-04-18', '01013572468', '대전광역시 유성구 135번지', 'syh0418@daum.net', '저는 환자로서 여러분과 함께 건강을 챙기고자 합니다. 함께 건강한 삶을 추구해 나갈 수 있기를 바랍니다.'),
('file_b8Qs1.png', 'M_02', 'oh91', 'N6j2Y8', '오준호', 'G_01', '1991-07-25', '01075319512', '인천광역시 서구 753번지', 'ojh0725@gmail.com', '저는 가족으로서 여러분과 함께하는 오준호입니다. 가족들과 소중한 순간들을 함께 만들고 싶어요.'),
('data_s6Gz0.png', 'M_04', 'cho96', 'P4c2F8', '조민수', 'G_01', '1996-10-13', '01015933572', '부산광역시 사하구 159번지', 'jms961013@naver.com', '-'),
('photo_M2k9J.png', 'M_01', 'park87', 'S9z4L8', '박영수', 'G_01', '1987-12-31', '01075319512', '대구광역시 달서구 753번지', 'pys1231@naver.com', '저는 환자로서 여러분과 함께 치료에 임하고 있습니다. 건강을 회복하기 위해 노력하고 있습니다.'),
('picture_d5Hj2.png', 'M_03', 'kim95', 'J1e8D4', '김지현', 'G_02', '1995-02-28', '01024681357', '서울특별시 송파구 246번지', 'kjy0228@daum.net', '저는 파트너로서 여러분을 돕기 위해 최선을 다하고 있습니다. 협력하여 목표를 달성할 수 있기를 바랍니다.'),
('file_K1y7P.png', 'M_02', 'lee92', 'K8n4V2', '이민호', 'G_01', '1992-09-17', '01078903214', '경기도 성남시 789번지', 'lmh0917@gmail.com', '-'),
('image_H9t3E.png', 'M_01', 'seo88', 'D5g2X6', '서민지', 'G_02', '1988-08-04', '01013572468', '대전광역시 중구 135번지', 'smj0804@naver.com', '-'),
('data_g8Vn2.png', 'M_03', 'hwang97', 'A2q6C8', '황철호', 'G_01', '1997-01-21', '01075319512', '인천광역시 남구 753번지', 'hch970121@gmail.com', '-'),
('pic_W2h5R.png', 'M_02', 'yang86', 'F9e5N3', '양영희', 'G_02', '1986-03-04', '01015933572', '부산광역시 사상구 159번지', 'yyh0304@daum.net', '-'),
('photo_T4j6Q.png', 'M_01', 'choi99', 'G1y7Z9', '최지수', 'G_02', '1999-08-11', '01024681357', '서울특별시 강동구 246번지', 'cjs0811@naver.com', '저는 환자로서 여러분과 함께 건강을 찾아가고 있습니다. 함께 더 나은 삶을 만들어 나갈 수 있기를 바랍니다.'),
('picture_U6s8P.png', 'M_02', 'ahn94', 'T6j8V2', '안영민', 'G_01', '1994-12-27', '01078903214', '경기도 용인시 789번지', 'aym941227@gmail.com', '-'),
('image_F3q6K.png', 'M_04', 'park89', 'S7r4W8', '박민지', 'G_02', '1989-05-22', '01013572468', '대구광역시 수성구 135번지', 'pmj0522@naver.com', '저는 전문의로 선명안과의원에서 활동하고 있습니다. 눈 건강을 위해 최선을 다해 도움을 드리고 있습니다.'),
('file_V7r3L.png', 'M_01', 'lee93', 'Q5w9E3', '이지영', 'G_02', '1993-09-07', '01075319512', '대전광역시 서구 753번지', 'ljy0907@gmail.com', '-'),
('data_J9g1Z.png', 'M_02', 'jung96', 'H2c6J8', '정민수', 'G_01', '1996-11-02', '01015933572', '인천광역시 부평구 159번지', 'jms961102@daum.net', '-'),
('pic_A6d8E.png', 'M_01', 'kim88', 'G8k2D6', '김영희', 'G_02', '1988-04-05', '01024681357', '서울특별시 동작구 246번지', 'kyh0405@gmail.com', '-'),
('photo_C4r9M.png', 'M_03', 'cho97', 'E9t5S3', '조민지', 'G_02', '1997-07-28', '01078903214', '경기도 고양시 789번지', 'jmj0728@naver.com', '저는 파트너로서 여러분을 돕기 위해 최선을 다하고 있습니다. 협력하여 성공적인 결과를 이루어내기를 바랍니다.'),
('picture_K7n4T.png', 'M_04', 'oh90', 'L3o7H9', '오영수', 'G_01', '1990-10-15', '01013572468', '인천광역시 계양구 135번지', 'oys1015@gmail.com', '-'),
('file_Y2v9Q.png', 'M_01', 'hwang86', 'I7u4P2', '황지현', 'G_02', '1986-02-20', '01075319512', '대전광역시 유성구 753번지', 'hjh862020@gmail.com', '-'),
('image_D8m1S.png', 'M_03', 'lee99', 'K1g7B9', '이민호', 'G_01', '1999-06-13', '01015933572', '경기도 성남시 159번지', 'lmh990613@naver.com', '-'),
('data_F6k5H.png', 'M_02', 'yang91', 'F5e9N7', '양민지', 'G_02', '1991-11-28', '01024681357', '부산광역시 남구 246번지', 'ymj911128@gmail.com', '-'),
('pic_W4h8E.png', 'M_01', 'choi98', 'O9h5T3', '최영수', 'G_01', '1998-05-07', '01078903214', '서울특별시 중구 789번지', 'cys980507@daum.net', '-'),
('photo_P9j3T.png', 'M_04', 'jung92', 'J3g9M5', '정지영', 'G_02', '1992-10-23', '01013572468', '인천광역시 서구 135번지', 'jjy921023@gmail.com', '저는 전문의로 브레인웍스 신경과의원에서 활동하고 있습니다. 신경과 전문적인 치료를 통해 건강을 챙기는 데 도움을 드리고 있습니다.'),
('picture_V6t4R.png', 'M_01', 'park86', 'T4r8L6', '박영희', 'G_02', '1987-03-09', '01075319512', '대구광역시 달서구 753번지', 'pyh0309@naver.com', '-'),
('my_image.png', 'M_03', 'kim98', 'Y7d4X2', '김민수', 'G_01', '1995-08-26', '01015933572', '경기도 수원시 159번지', 'kms9526@gmail.com', '-');

-- MEMBER_S_F 본인 및 가족
INSERT INTO MEMBER_S_F (MEMBERID, MEMBERTYPE_ID, STAGE_ID, PATIENTGENDER_ID)
VALUES
    ('lee98', 'M_02', 'DS_01', 'G_02'),
    ('oh91', 'M_02', 'DS_03', 'G_01'),
    ('lee92', 'M_02', 'DS_02', 'G_01'),
    ('yang86', 'M_02', 'DS_02', 'G_02'),
    ('ahn94', 'M_02', 'DS_01', 'G_02'),
    ('jung96', 'M_02', 'DS_03', 'G_01'),
    ('yang91', 'M_02', 'DS_02', 'G_01'),
    ('choi87', 'M_01', 'DS_02', 'G_01'),
    ('choi98', 'M_01', 'DS_03', 'G_01'),
    ('park87', 'M_01', 'DS_01', 'G_01'),
    ('choi99', 'M_01', 'DS_03', 'G_02'),
    ('hwang86', 'M_01', 'DS_01', 'G_02'),
    ('kim88', 'M_01', 'DS_01', 'G_02'),
    ('lee93', 'M_01', 'DS_02', 'G_02'),
    ('park85', 'M_01', 'DS_01', 'G_02'),
    ('park86', 'M_01', 'DS_01', 'G_02'),
    ('seo88', 'M_01', 'DS_03', 'G_02'),
    ('song94', 'M_01', 'DS_01', 'G_02');

-- MEMBER_D 전문의
INSERT INTO MEMBER_D (MEMBERID, MEDICALDEPARTMENT_ID, CLINICNAME)
VALUES
    ('kim92', 'MD_05', '푸른별 내과병원'),
    ('jung93', 'MD_46', '희망정신과의원'),
    ('cho96', 'MD_46', '마음나무 정신과의원'),
    ('park89', 'MD_32', '선명안과의원'),
    ('oh90', 'MD_29', '브레인웍스 신경과의원'),
    ('jung92', 'MD_29', '브레인웰 신경과의원');

-- SURVEY_TYPE 설문 A, B 타입 코드 데이터 삽입
INSERT INTO SURVEY_TYPE (SURVEY_TYPE, SURVEY_TYPE_ID) 
VALUES 
		('환자 및 가족 설문', 'SUR-A'),
		('파트너 설문', 'SUR-B');

-- SURVEY_QUESTIONS 설문 A 질문 코드 데이터 삽입
INSERT INTO SURVEY_QUESTIONS (SURVEY_Q, SURVEY_TYPE_ID, SURVEY_Q_ID)
VALUES
		('선호하는 파트너의 성별이 있나요?', 'SUR-A', 'SURQ01'),
        ('선호하는 파트너의 연령이 있나요?', 'SUR-A', 'SURQ02'),
        ('어떤 근무 형태를 원하시나요?', 'SUR-A', 'SURQ03'),
        ('원하시는 고용형태는요?', 'SUR-A', 'SURQ04'),
        ('서비스를 받고 싶은 지역을 선택해주세요', 'SUR-A', 'SURQ05'),
        ('차량 또는 면허가 필요할까요?', 'SUR-A', 'SURQ06'),
        ('자격증이 필요한가요?', 'SUR-A', 'SURQ07');

-- SURVEY_QUESTIONS 설문 B 질문 코드 데이터 삽입
INSERT INTO SURVEY_QUESTIONS (SURVEY_Q, SURVEY_TYPE_ID, SURVEY_Q_ID) 
VALUES 
		('선호하는 환자의 성별이 있나요?', 'SUR-B', 'SURQ08'),
        ('어떤 근무 형태를 원하시나요?', 'SUR-B', 'SURQ09'),
        ('원하시는 고용형태는요?', 'SUR-B', 'SURQ10'),
        ('동행 가능한 환자의 치매 단계는 어떻게 될까요?', 'SUR-B', 'SURQ11'),
        ('선호하는 지역을 선택해주세요(1순위)', 'SUR-B', 'SURQ12'),
        ('선호하는 지역을 선택해주세요(2순위)', 'SUR-B', 'SURQ13'),
        ('차량 또는 면허가 있나요?', 'SUR-B', 'SURQ14'),
        ('자격증이 있나요?', 'SUR-B', 'SURQ15');

-- SURVEY_QNA 설문 답변 코드 데이터 삽입
INSERT INTO SURVEY_QNA (SURVEY_Q_ID, SURVEY_ANS, SURVEY_ANS_ID)
VALUES
    ('SURQ01', '무관', 'SURA-0001'),
    ('SURQ01', '남', 'SURA-0002'),
    ('SURQ01', '여', 'SURA-0003'),
    ('SURQ02', '초등학생 이상', 'SURA-0004'),
    ('SURQ02', '중학생 이상', 'SURA-0005'),
    ('SURQ02', '고등학생 이상', 'SURA-0006'),
    ('SURQ02', '20대', 'SURA-0007'),
    ('SURQ02', '30대', 'SURA-0008'),
    ('SURQ02', '40대', 'SURA-0009'),
    ('SURQ02', '50대', 'SURA-0010'),
    ('SURQ02', '60대', 'SURA-0011'),
    ('SURQ02', '무관', 'SURA-0012'),
    ('SURQ03', '출퇴근형 (오전만)', 'SURA-0013'),
    ('SURQ03', '출퇴근형 (오후만)', 'SURA-0014'),
    ('SURQ03', '출퇴근형 (종일)', 'SURA-0015'),
    ('SURQ03', '입주형', 'SURA-0016'),
    ('SURQ03', '파트너와 상담 후 결정할게요.', 'SURA-0017'),
    ('SURQ04', '장기 요양보호사', 'SURA-0018'),
    ('SURQ04', '단기케어', 'SURA-0019'),
    ('SURQ04', '자원봉사자', 'SURA-0020'),
    ('SURQ05', '인천 동구', 'SURA-0021'),
    ('SURQ05', '대구 수성구', 'SURA-0022'),
    ('SURQ05', '경기 고양시', 'SURA-0023'),
    ('SURQ05', '대구 중구', 'SURA-0024'),
    ('SURQ05', '부산 사하구', 'SURA-0025'),
    ('SURQ05', '경기 성남시', 'SURA-0026'),
    ('SURQ05', '부산 중구', 'SURA-0027'),
    ('SURQ05', '경기 수원시', 'SURA-0028'),
    ('SURQ05', '부산 해운대구', 'SURA-0029'),
    ('SURQ05', '부산 동래구', 'SURA-0030'),
    ('SURQ05', '대전 동구', 'SURA-0031'),
    ('SURQ05', '인천 중구', 'SURA-0032'),
    ('SURQ05', '대전 중구', 'SURA-0033'),
    ('SURQ05', '서울 종로구', 'SURA-0034'),
    ('SURQ06', '차량 필요', 'SURA-0035'),
    ('SURQ06', '운전 필요', 'SURA-0036'),
    ('SURQ06', '무관', 'SURA-0037'),
    ('SURQ07', '요양 보호사 자격증', 'SURA-0038'),
    ('SURQ07', '치매 파트너 교육 이수', 'SURA-0039'),
    ('SURQ07', '무관', 'SURA-0040'),
    ('SURQ08', '무관', 'SURA-0041'),
    ('SURQ08', '남', 'SURA-0042'),
    ('SURQ08', '여', 'SURA-0043'),
    ('SURQ09', '출퇴근형 (오전만)', 'SURA-0044'),
    ('SURQ09', '출퇴근형 (오후만)', 'SURA-0045'),
    ('SURQ09', '출퇴근형 (종일)', 'SURA-0046'),
    ('SURQ09', '입주형', 'SURA-0047'),
    ('SURQ09', '파트너와 상담 후 결정할게요.', 'SURA-0048'),
    ('SURQ10', '장기 요양보호사', 'SURA-0049'),
    ('SURQ10', '단기케어', 'SURA-0050'),
    ('SURQ10', '자원봉사자', 'SURA-0051'),
    ('SURQ11', '경증 치매', 'SURA-0052'),
    ('SURQ11', '중등도 치매', 'SURA-0053'),
    ('SURQ11', '중증 치매', 'SURA-0054'),
    ('SURQ12', '인천 동구', 'SURA-0055'),
    ('SURQ12', '대구 수성구', 'SURA-0056'),
    ('SURQ12', '경기 고양시', 'SURA-0057'),
    ('SURQ12', '대구 중구', 'SURA-0058'),
    ('SURQ12', '부산 사하구', 'SURA-0059'),
    ('SURQ12', '경기 성남시', 'SURA-0060'),
    ('SURQ12', '부산 중구', 'SURA-0061'),
    ('SURQ12', '경기 수원시', 'SURA-0062'),
    ('SURQ12', '부산 해운대구', 'SURA-0063'),
    ('SURQ12', '부산 동래구', 'SURA-0064'),
    ('SURQ12', '대전 동구', 'SURA-0065'),
    ('SURQ12', '인천 중구', 'SURA-0066'),
    ('SURQ12', '대전 중구', 'SURA-0067'),
    ('SURQ12', '서울 종로구', 'SURA-0068'),
    ('SURQ13', '인천 동구', 'SURA-0069'),
    ('SURQ13', '대구 수성구', 'SURA-0070'),
    ('SURQ13', '경기 고양시', 'SURA-0071'),
    ('SURQ13', '대구 중구', 'SURA-0072'),
    ('SURQ13', '부산 사하구', 'SURA-0073'),
    ('SURQ13', '경기 성남시', 'SURA-0074'),
    ('SURQ13', '부산 중구', 'SURA-0075'),
    ('SURQ13', '경기 수원시', 'SURA-0076'),
    ('SURQ13', '부산 해운대구', 'SURA-0077'),
    ('SURQ13', '부산 동래구', 'SURA-0078'),
    ('SURQ13', '대전 동구', 'SURA-0079'),
    ('SURQ13', '인천 중구', 'SURA-0080'),
    ('SURQ13', '대전 중구', 'SURA-0081'),
    ('SURQ13', '인천 남동구', 'SURA-0082'),
    ('SURQ14', '차량 있음', 'SURA-0083'),
    ('SURQ14', '운전 가능', 'SURA-0084'),
    ('SURQ14', '운전 불가', 'SURA-0085'),
    ('SURQ15', '요양 보호사 자격증', 'SURA-0086'),
    ('SURQ15', '치매 파트너 교육 이수', 'SURA-0087'),
    ('SURQ15', '없음', 'SURA-0088');

-- MATCHING 설문 매칭용


-- SURVEY_RESULT 설문 결과
INSERT INTO SURVEY_RESULT (MEMBERID, SURVEY_ANS_ID, SURVEY_RESULT_ID)
VALUES
    ('park85', 'SURA-0003', 'SURR-0001'),
    ('park85', 'SURA-0007', 'SURR-0002'),
    ('park85', 'SURA-0014', 'SURR-0003'),
    ('park85', 'SURA-0019', 'SURR-0004'),
    ('park85', 'SURA-0021', 'SURR-0005'),
    ('park85', 'SURA-0039', 'SURR-0006'),
    ('park85', 'SURA-0042', 'SURR-0007'),
    ('song94', 'SURA-0003', 'SURR-0008'),
    ('song94', 'SURA-0007', 'SURR-0009'),
    ('song94', 'SURA-0015', 'SURR-0010'),
    ('song94', 'SURA-0018', 'SURR-0011'),
    ('song94', 'SURA-0022', 'SURR-0012'),
    ('song94', 'SURA-0038', 'SURR-0013'),
    ('song94', 'SURA-0042', 'SURR-0014'),
    ('park87', 'SURA-0002', 'SURR-0015'),
    ('park87', 'SURA-0009', 'SURR-0016'),
    ('park87', 'SURA-0013', 'SURR-0017'),
    ('park87', 'SURA-0020', 'SURR-0018'),
    ('park87', 'SURA-0023', 'SURR-0019'),
    ('park87', 'SURA-0040', 'SURR-0020'),
    ('park87', 'SURA-0043', 'SURR-0021'),
    ('seo88', 'SURA-0003', 'SURR-0022'),
    ('seo88', 'SURA-0007', 'SURR-0023'),
    ('seo88', 'SURA-0016', 'SURR-0024'),
    ('seo88', 'SURA-0018', 'SURR-0025'),
    ('seo88', 'SURA-0022', 'SURR-0026'),
    ('seo88', 'SURA-0040', 'SURR-0027'),
    ('seo88', 'SURA-0043', 'SURR-0028'),
    ('choi99', 'SURA-0002', 'SURR-0029'),
    ('choi99', 'SURA-0008', 'SURR-0030'),
    ('choi99', 'SURA-0015', 'SURR-0031'),
    ('choi99', 'SURA-0020', 'SURR-0032'),
    ('choi99', 'SURA-0024', 'SURR-0033'),
    ('choi99', 'SURA-0039', 'SURR-0034'),
    ('choi99', 'SURA-0042', 'SURR-0035'),
    ('lee93', 'SURA-0003', 'SURR-0036'),
    ('lee93', 'SURA-0006', 'SURR-0037'),
    ('lee93', 'SURA-0014', 'SURR-0038'),
    ('lee93', 'SURA-0019', 'SURR-0039'),
    ('lee93', 'SURA-0025', 'SURR-0040'),
    ('lee93', 'SURA-0039', 'SURR-0041'),
    ('lee93', 'SURA-0041', 'SURR-0042'),
    ('kim88', 'SURA-0003', 'SURR-0043'),
    ('kim88', 'SURA-0011', 'SURR-0044'),
    ('kim88', 'SURA-0016', 'SURR-0045'),
    ('kim88', 'SURA-0018', 'SURR-0046'),
    ('kim88', 'SURA-0026', 'SURR-0047'),
    ('kim88', 'SURA-0040', 'SURR-0048'),
    ('kim88', 'SURA-0043', 'SURR-0049'),
    ('hwang86', 'SURA-0002', 'SURR-0050'),
    ('hwang86', 'SURA-0009', 'SURR-0051'),
    ('hwang86', 'SURA-0015', 'SURR-0052'),
    ('hwang86', 'SURA-0019', 'SURR-0053'),
    ('hwang86', 'SURA-0027', 'SURR-0054'),
    ('hwang86', 'SURA-0039', 'SURR-0055'),
    ('hwang86', 'SURA-0041', 'SURR-0056'),
    ('choi98', 'SURA-0003', 'SURR-0057'),
    ('choi98', 'SURA-0007', 'SURR-0058'),
    ('choi98', 'SURA-0013', 'SURR-0059'),
    ('choi98', 'SURA-0018', 'SURR-0060'),
    ('choi98', 'SURA-0028', 'SURR-0061'),
    ('choi98', 'SURA-0038', 'SURR-0062'),
    ('choi98', 'SURA-0041', 'SURR-0063'),
    ('park87', 'SURA-0003', 'SURR-0064'),
    ('park87', 'SURA-0008', 'SURR-0065'),
    ('park87', 'SURA-0015', 'SURR-0066'),
    ('park87', 'SURA-0020', 'SURR-0067'),
    ('park87', 'SURA-0029', 'SURR-0068'),
    ('park87', 'SURA-0039', 'SURR-0069'),
    ('park87', 'SURA-0041', 'SURR-0070'),
    ('lee98', 'SURA-0012', 'SURR-0071'),
    ('lee98', 'SURA-0004', 'SURR-0072'),
    ('lee98', 'SURA-0016', 'SURR-0073'),
    ('lee98', 'SURA-0018', 'SURR-0074'),
    ('lee98', 'SURA-0030', 'SURR-0075'),
    ('lee98', 'SURA-0038', 'SURR-0076'),
    ('lee98', 'SURA-0042', 'SURR-0077'),
    ('oh91', 'SURA-0002', 'SURR-0078'),
    ('oh91', 'SURA-0011', 'SURR-0079'),
    ('oh91', 'SURA-0016', 'SURR-0080'),
    ('oh91', 'SURA-0018', 'SURR-0081'),
    ('oh91', 'SURA-0030', 'SURR-0082'),
    ('oh91', 'SURA-0038', 'SURR-0083'),
    ('oh91', 'SURA-0041', 'SURR-0084'),
    ('lee99', 'SURA-0002', 'SURR-0085'),
    ('lee99', 'SURA-0005', 'SURR-0086'),
    ('lee99', 'SURA-0015', 'SURR-0087'),
    ('lee99', 'SURA-0020', 'SURR-0088'),
    ('lee99', 'SURA-0031', 'SURR-0089'),
    ('lee99', 'SURA-0038', 'SURR-0090'),
    ('lee99', 'SURA-0041', 'SURR-0091'),
    ('yang86', 'SURA-0003', 'SURR-0092'),
    ('yang86', 'SURA-0004', 'SURR-0093'),
    ('yang86', 'SURA-0014', 'SURR-0094'),
    ('yang86', 'SURA-0019', 'SURR-0095'),
    ('yang86', 'SURA-0032', 'SURR-0096'),
    ('yang86', 'SURA-0038', 'SURR-0097'),
    ('yang86', 'SURA-0041', 'SURR-0098'),
    ('ahn94', 'SURA-0003', 'SURR-0099'),
    ('ahn94', 'SURA-0009', 'SURR-0100'),
    ('ahn94', 'SURA-0016', 'SURR-0101'),
    ('ahn94', 'SURA-0018', 'SURR-0102'),
    ('ahn94', 'SURA-0030', 'SURR-0103'),
    ('ahn94', 'SURA-0038', 'SURR-0104'),
    ('ahn94', 'SURA-0041', 'SURR-0105'),
    ('jung96', 'SURA-0002', 'SURR-0106'),
    ('jung96', 'SURA-0007', 'SURR-0107'),
    ('jung96', 'SURA-0015', 'SURR-0108'),
    ('jung96', 'SURA-0020', 'SURR-0109'),
    ('jung96', 'SURA-0033', 'SURR-0110'),
    ('jung96', 'SURA-0038', 'SURR-0111'),
    ('jung96', 'SURA-0041', 'SURR-0112'),
    ('yang91', 'SURA-0002', 'SURR-0113'),
    ('yang91', 'SURA-0004', 'SURR-0114'),
    ('yang91', 'SURA-0017', 'SURR-0115'),
    ('yang91', 'SURA-0019', 'SURR-0116'),
    ('yang91', 'SURA-0034', 'SURR-0117'),
    ('yang91', 'SURA-0040', 'SURR-0118'),
    ('yang91', 'SURA-0043', 'SURR-0119'),
    ('hong90', 'SURA-0044', 'SURR-0120'),
    ('hong90', 'SURA-0047', 'SURR-0121'),
    ('hong90', 'SURA-0052', 'SURR-0122'),
    ('hong90', 'SURA-0055', 'SURR-0123'),
    ('hong90', 'SURA-0058', 'SURR-0124'),
    ('hong90', 'SURA-0073', 'SURR-0125'),
    ('hong90', 'SURA-0083', 'SURR-0126'),
    ('hong90', 'SURA-0086', 'SURR-0127'),
    ('kang89', 'SURA-0046', 'SURR-0128'),
    ('kang89', 'SURA-0049', 'SURR-0129'),
    ('kang89', 'SURA-0054', 'SURR-0130'),
    ('kang89', 'SURA-0057', 'SURR-0131'),
    ('kang89', 'SURA-0063', 'SURR-0132'),
    ('kang89', 'SURA-0070', 'SURR-0133'),
    ('kang89', 'SURA-0085', 'SURR-0134'),
    ('kang89', 'SURA-0088', 'SURR-0135'),
    ('kim95', 'SURA-0044', 'SURR-0136'),
    ('kim95', 'SURA-0050', 'SURR-0137'),
    ('kim95', 'SURA-0054', 'SURR-0138'),
    ('kim95', 'SURA-0055', 'SURR-0139'),
    ('kim95', 'SURA-0060', 'SURR-0140'),
    ('kim95', 'SURA-0080', 'SURR-0141'),
    ('kim95', 'SURA-0084', 'SURR-0142'),
    ('kim95', 'SURA-0086', 'SURR-0143'),
    ('hwang97', 'SURA-0046', 'SURR-0144'),
    ('hwang97', 'SURA-0051', 'SURR-0145'),
    ('hwang97', 'SURA-0052', 'SURR-0146'),
    ('hwang97', 'SURA-0057', 'SURR-0147'),
    ('hwang97', 'SURA-0068', 'SURR-0148'),
    ('hwang97', 'SURA-0072', 'SURR-0149'),
    ('hwang97', 'SURA-0084', 'SURR-0150'),
    ('hwang97', 'SURA-0087', 'SURR-0151'),
    ('cho97', 'SURA-0045', 'SURR-0152'),
    ('cho97', 'SURA-0047', 'SURR-0153'),
    ('cho97', 'SURA-0053', 'SURR-0154'),
    ('cho97', 'SURA-0055', 'SURR-0155'),
    ('cho97', 'SURA-0062', 'SURR-0156'),
    ('cho97', 'SURA-0080', 'SURR-0157'),
    ('cho97', 'SURA-0084', 'SURR-0158'),
    ('cho97', 'SURA-0087', 'SURR-0159'),
    ('lee92', 'SURA-0044', 'SURR-0160'),
    ('lee92', 'SURA-0048', 'SURR-0161'),
    ('lee92', 'SURA-0054', 'SURR-0162'),
    ('lee92', 'SURA-0056', 'SURR-0163'),
    ('lee92', 'SURA-0065', 'SURR-0164'),
    ('lee92', 'SURA-0078', 'SURR-0165'),
    ('lee92', 'SURA-0085', 'SURR-0166'),
    ('lee92', 'SURA-0086', 'SURR-0167'),
    ('kim95', 'SURA-0045', 'SURR-0168'),
    ('kim95', 'SURA-0051', 'SURR-0169'),
    ('kim95', 'SURA-0054', 'SURR-0170'),
    ('kim95', 'SURA-0057', 'SURR-0171'),
    ('kim95', 'SURA-0068', 'SURR-0172'),
    ('kim95', 'SURA-0082', 'SURR-0173'),
    ('kim95', 'SURA-0083', 'SURR-0174'),
    ('kim95', 'SURA-0088', 'SURR-0175');

-- MATCHING 설문 매칭용
INSERT INTO MATCHING (MEMBERID, SURVEY_RESULT_ID)
VALUES
    ('park85', 'SURR-0001'),
    ('park85', 'SURR-0002'),
    ('park85', 'SURR-0003'),
    ('park85', 'SURR-0004'),
    ('park85', 'SURR-0005'),
    ('park85', 'SURR-0006'),
    ('park85', 'SURR-0007'),
    ('song94', 'SURR-0008'),
    ('song94', 'SURR-0009'),
    ('song94', 'SURR-0010'),
    ('song94', 'SURR-0011'),
    ('song94', 'SURR-0012'),
    ('song94', 'SURR-0013'),
    ('song94', 'SURR-0014'),
    ('park87', 'SURR-0015'),
    ('park87', 'SURR-0016'),
    ('park87', 'SURR-0017'),
    ('park87', 'SURR-0018'),
    ('park87', 'SURR-0019'),
    ('park87', 'SURR-0020'),
    ('park87', 'SURR-0021'),
    ('seo88', 'SURR-0022'),
    ('seo88', 'SURR-0023'),
    ('seo88', 'SURR-0024'),
    ('seo88', 'SURR-0025'),
    ('seo88', 'SURR-0026'),
    ('seo88', 'SURR-0027'),
    ('seo88', 'SURR-0028'),
    ('choi99', 'SURR-0029'),
    ('choi99', 'SURR-0030'),
    ('choi99', 'SURR-0031'),
    ('choi99', 'SURR-0032'),
    ('choi99', 'SURR-0033'),
    ('choi99', 'SURR-0034'),
    ('choi99', 'SURR-0035'),
    ('lee93', 'SURR-0036'),
    ('lee93', 'SURR-0037'),
    ('lee93', 'SURR-0038'),
    ('lee93', 'SURR-0039'),
    ('lee93', 'SURR-0040'),
    ('lee93', 'SURR-0041'),
    ('lee93', 'SURR-0042'),
    ('kim88', 'SURR-0043'),
    ('kim88', 'SURR-0044'),
    ('kim88', 'SURR-0045'),
    ('kim88', 'SURR-0046'),
    ('kim88', 'SURR-0047'),
    ('kim88', 'SURR-0048'),
    ('kim88', 'SURR-0049'),
    ('hwang86', 'SURR-0050'),
    ('hwang86', 'SURR-0051'),
    ('hwang86', 'SURR-0052'),
    ('hwang86', 'SURR-0053'),
    ('hwang86', 'SURR-0054'),
    ('hwang86', 'SURR-0055'),
    ('hwang86', 'SURR-0056'),
    ('choi98', 'SURR-0057'),
    ('choi98', 'SURR-0058'),
    ('choi98', 'SURR-0059'),
    ('choi98', 'SURR-0060'),
    ('choi98', 'SURR-0061'),
    ('choi98', 'SURR-0062'),
    ('choi98', 'SURR-0063'),
    ('park87', 'SURR-0064'),
    ('park87', 'SURR-0065'),
    ('park87', 'SURR-0066'),
    ('park87', 'SURR-0067'),
    ('park87', 'SURR-0068'),
    ('park87', 'SURR-0069'),
    ('park87', 'SURR-0070'),
    ('lee98', 'SURR-0071'),
    ('lee98', 'SURR-0072'),
    ('lee98', 'SURR-0073'),
    ('lee98', 'SURR-0074'),
    ('lee98', 'SURR-0075'),
    ('lee98', 'SURR-0076'),
    ('lee98', 'SURR-0077'),
    ('oh91', 'SURR-0078'),
    ('oh91', 'SURR-0079'),
    ('oh91', 'SURR-0080'),
    ('oh91', 'SURR-0081'),
    ('oh91', 'SURR-0082'),
    ('oh91', 'SURR-0083'),
    ('oh91', 'SURR-0084'),
    ('lee99', 'SURR-0085'),
    ('lee99', 'SURR-0086'),
    ('lee99', 'SURR-0087'),
    ('lee99', 'SURR-0088'),
    ('lee99', 'SURR-0089'),
    ('lee99', 'SURR-0090'),
    ('lee99', 'SURR-0091'),
    ('yang86', 'SURR-0092'),
    ('yang86', 'SURR-0093'),
    ('yang86', 'SURR-0094'),
    ('yang86', 'SURR-0095'),
    ('yang86', 'SURR-0096'),
    ('yang86', 'SURR-0097'),
    ('yang86', 'SURR-0098'),
    ('ahn94', 'SURR-0099'),
    ('ahn94', 'SURR-0100'),
    ('ahn94', 'SURR-0101'),
    ('ahn94', 'SURR-0102'),
    ('ahn94', 'SURR-0103'),
    ('ahn94', 'SURR-0104'),
    ('ahn94', 'SURR-0105'),
    ('jung96', 'SURR-0106'),
    ('jung96', 'SURR-0107'),
    ('jung96', 'SURR-0108'),
    ('jung96', 'SURR-0109'),
    ('jung96', 'SURR-0110'),
    ('jung96', 'SURR-0111'),
    ('jung96', 'SURR-0112'),
    ('yang91', 'SURR-0113'),
    ('yang91', 'SURR-0114'),
    ('yang91', 'SURR-0115'),
    ('yang91', 'SURR-0116'),
    ('yang91', 'SURR-0117'),
    ('yang91', 'SURR-0118'),
    ('yang91', 'SURR-0119'),
    ('hong90', 'SURR-0120'),
    ('hong90', 'SURR-0121'),
    ('hong90', 'SURR-0122'),
    ('hong90', 'SURR-0123'),
    ('hong90', 'SURR-0124'),
    ('hong90', 'SURR-0125'),
    ('hong90', 'SURR-0126'),
    ('hong90', 'SURR-0127'),
    ('kang89', 'SURR-0128'),
    ('kang89', 'SURR-0129'),
    ('kang89', 'SURR-0130'),
    ('kang89', 'SURR-0131'),
    ('kang89', 'SURR-0132'),
    ('kang89', 'SURR-0133'),
    ('kang89', 'SURR-0134'),
    ('kang89', 'SURR-0135'),
    ('kim95', 'SURR-0136'),
    ('kim95', 'SURR-0137'),
    ('kim95', 'SURR-0138'),
    ('kim95', 'SURR-0139'),
    ('kim95', 'SURR-0140'),
    ('kim95', 'SURR-0141'),
    ('kim95', 'SURR-0142'),
    ('kim95', 'SURR-0143'),
    ('hwang97', 'SURR-0144'),
    ('hwang97', 'SURR-0145'),
    ('hwang97', 'SURR-0146'),
    ('hwang97', 'SURR-0147'),
    ('hwang97', 'SURR-0148'),
    ('hwang97', 'SURR-0149'),
    ('hwang97', 'SURR-0150'),
    ('hwang97', 'SURR-0151'),
    ('cho97', 'SURR-0152'),
    ('cho97', 'SURR-0153'),
    ('cho97', 'SURR-0154'),
    ('cho97', 'SURR-0155'),
    ('cho97', 'SURR-0156'),
    ('cho97', 'SURR-0157'),
    ('cho97', 'SURR-0158'),
    ('cho97', 'SURR-0159'),
    ('lee92', 'SURR-0160'),
    ('lee92', 'SURR-0161'),
    ('lee92', 'SURR-0162'),
    ('lee92', 'SURR-0163'),
    ('lee92', 'SURR-0164'),
    ('lee92', 'SURR-0165'),
    ('lee92', 'SURR-0166'),
    ('lee92', 'SURR-0167'),
    ('kim95', 'SURR-0168'),
    ('kim95', 'SURR-0169'),
    ('kim95', 'SURR-0170'),
    ('kim95', 'SURR-0171'),
    ('kim95', 'SURR-0172'),
    ('kim95', 'SURR-0173'),
    ('kim95', 'SURR-0174'),
    ('kim95', 'SURR-0175');

-- SELFTEST_CODE 자가진단 질문 코드
INSERT INTO SELFTEST_CODE (ST_QUESTIONS, ST_Q_CODE)
VALUES
    ('오늘이 몇 월이고, 무슨 요일인지 잘 모른다.', 'ST-01'),
    ('자기가 놔둔 물건을 찾지 못한다.', 'ST-02'),
    ('같은 질문을 반복해서 한다.', 'ST-03'),
    ('약속을 하고서 잊어버린다.', 'ST-04'),
    ('물건을 가지러 갔다가 잊어버리고 그냥 온다.', 'ST-05'),
    ('물건이나 사람의 이름을 대기가 힘들어 머뭇거린다.', 'ST-06'),
    ('대화 중 내용이 이해되지 않아 반복해서 물어본다.', 'ST-07'),
    ('길을 잃거나 헤맨 적이 있다.', 'ST-08'),
    ('예전에 비해서 계산능력이 떨어졌다.\n(예: 물건값이나 거스름돈 계산을 못한다.)', 'ST-09'),
    ('예전에 비해 성격이 변했다.', 'ST-10'),
    ('이전에 잘 다루던 기구의 사용이 서툴러졌다.\n(세탁기, 전기밥솥, 경운기 등)', 'ST-11'),
    ('예전에 비해 방이나 집안의 정리 정돈을 하지 못한다.', 'ST-12'),
    ('상황에 맞게 스스로 옷을 선택하여 입지 못한다.', 'ST-13'),
    ('혼자 대중교통 수단을 이용하여 목적지에 가기 힘들다.\n(관절염 등 신체적인 문제로 인한 것은 제외)', 'ST-14'),
    ('내복이나 옷이 더러워져도 갈아입지 않으려고 한다.', 'ST-15');

-- SELFTEST_ANS_CODE 자가진단 답변 코드
INSERT INTO SELFTEST_ANS_CODE (ST_ANSWERS, ST_ANS_SCORE)
VALUES
    ('아니다', 0),
    ('가끔', 1),
    ('자주', 2);

-- SELFTEST_QNA 자가진단 메인화면
INSERT INTO SELFTEST_QNA (ST_Q_CODE, ST_ANS_SCORE, ST_QNA_CODE)
VALUES
    ('ST-01', 0, 'STQNA-001'),
    ('ST-01', 1, 'STQNA-002'),
    ('ST-01', 2, 'STQNA-003'),
    ('ST-02', 0, 'STQNA-004'),
    ('ST-02', 1, 'STQNA-005'),
    ('ST-02', 2, 'STQNA-006'),
    ('ST-03', 0, 'STQNA-007'),
    ('ST-03', 1, 'STQNA-008'),
    ('ST-03', 2, 'STQNA-009'),
    ('ST-04', 0, 'STQNA-010'),
    ('ST-04', 1, 'STQNA-011'),
    ('ST-04', 2, 'STQNA-012'),
    ('ST-05', 0, 'STQNA-013'),
    ('ST-05', 1, 'STQNA-014'),
    ('ST-05', 2, 'STQNA-015'),
    ('ST-06', 0, 'STQNA-016'),
    ('ST-06', 1, 'STQNA-017'),
    ('ST-06', 2, 'STQNA-018'),
    ('ST-07', 0, 'STQNA-019'),
    ('ST-07', 1, 'STQNA-020'),
    ('ST-07', 2, 'STQNA-021'),
    ('ST-08', 0, 'STQNA-022'),
    ('ST-08', 1, 'STQNA-023'),
    ('ST-08', 2, 'STQNA-024'),
    ('ST-09', 0, 'STQNA-025'),
    ('ST-09', 1, 'STQNA-026'),
    ('ST-09', 2, 'STQNA-027'),
    ('ST-10', 0, 'STQNA-028'),
    ('ST-10', 1, 'STQNA-029'),
    ('ST-10', 2, 'STQNA-030'),
    ('ST-11', 0, 'STQNA-031'),
    ('ST-11', 1, 'STQNA-032'),
    ('ST-11', 2, 'STQNA-033'),
    ('ST-12', 0, 'STQNA-034'),
    ('ST-12', 1, 'STQNA-035'),
    ('ST-12', 2, 'STQNA-036'),
    ('ST-13', 0, 'STQNA-037'),
    ('ST-13', 1, 'STQNA-038'),
    ('ST-13', 2, 'STQNA-039'),
    ('ST-14', 0, 'STQNA-040'),
    ('ST-14', 1, 'STQNA-041'),
    ('ST-14', 2, 'STQNA-042'),
    ('ST-15', 0, 'STQNA-043'),
    ('ST-15', 1, 'STQNA-044'),
    ('ST-15', 2, 'STQNA-045');

-- SELFTEST_RESULT_CODE 자가진단 결과 코드
INSERT INTO  SELFTEST_RESULT_CODE (ST_RESULT, ST_RESULT_CODE)
VALUES
	('정상',	'SR_01'),
	('의심',	'SR_02'),
	('정밀검사 필요', 'SR_03');
    
-- SELFTEST_RESULT 자가진단 결과
INSERT INTO  SELFTEST_RESULT (MEMBERID, ST_QNA_CODE, ST_RESULT_CODE)
VALUES
    ('lee98', 'STQNA-001', 'SR_01'),
    ('lee98', 'STQNA-005', 'SR_01'),
    ('lee98', 'STQNA-007', 'SR_01'),
    ('lee98', 'STQNA-010', 'SR_01'),
    ('lee98', 'STQNA-014', 'SR_01'),
    ('lee98', 'STQNA-016', 'SR_01'),
    ('lee98', 'STQNA-019', 'SR_01'),
    ('lee98', 'STQNA-022', 'SR_01'),
    ('lee98', 'STQNA-026', 'SR_01'),
    ('lee98', 'STQNA-028', 'SR_01'),
    ('lee98', 'STQNA-031', 'SR_01'),
    ('lee98', 'STQNA-034', 'SR_01'),
    ('lee98', 'STQNA-037', 'SR_01'),
    ('lee98', 'STQNA-040', 'SR_01'),
    ('lee98', 'STQNA-043', 'SR_01'),
    ('lee93', 'STQNA-001', 'SR_02'),
    ('lee93', 'STQNA-006', 'SR_02'),
    ('lee93', 'STQNA-007', 'SR_02'),
    ('lee93', 'STQNA-011', 'SR_02'),
    ('lee93', 'STQNA-014', 'SR_02'),
    ('lee93', 'STQNA-016', 'SR_02'),
    ('lee93', 'STQNA-019', 'SR_02'),
    ('lee93', 'STQNA-023', 'SR_02'),
    ('lee93', 'STQNA-027', 'SR_02'),
    ('lee93', 'STQNA-028', 'SR_02'),
    ('lee93', 'STQNA-031', 'SR_02'),
    ('lee93', 'STQNA-035', 'SR_02'),
    ('lee93', 'STQNA-037', 'SR_02'),
    ('lee93', 'STQNA-040', 'SR_02'),
    ('lee93', 'STQNA-043', 'SR_02'),
    ('jung96', 'STQNA-002', 'SR_03'),
    ('jung96', 'STQNA-006', 'SR_03'),
    ('jung96', 'STQNA-008', 'SR_03'),
    ('jung96', 'STQNA-011', 'SR_03'),
    ('jung96', 'STQNA-015', 'SR_03'),
    ('jung96', 'STQNA-016', 'SR_03'),
    ('jung96', 'STQNA-020', 'SR_03'),
    ('jung96', 'STQNA-024', 'SR_03'),
    ('jung96', 'STQNA-026', 'SR_03'),
    ('jung96', 'STQNA-029', 'SR_03'),
    ('jung96', 'STQNA-031', 'SR_03'),
    ('jung96', 'STQNA-036', 'SR_03'),
    ('jung96', 'STQNA-037', 'SR_03'),
    ('jung96', 'STQNA-041', 'SR_03'),
    ('jung96', 'STQNA-043', 'SR_03');
    
-- POST 커뮤니티 게시글
INSERT INTO POST (POST_TITLE, POST_CONTENT, POST_DATE, MEMBERID, POST_ID)
VALUES
    ('저희 할머니 치매 증상인지 봐주세요',
    '저희 집에 할머니가 오셨는데 전에 볼 수 없던 행동들을 많이 하셔서 이렇게 글을 씁니다.\n\n할머니는 계속해서 옛날 이야기를 무한 반복하십니다. 했던 이야기 또 하고, 또 하고. 처음에는 그냥 할 이야기가 없으셔서 그런가 싶었는데 지금 생각해보니 이상할 정도로 매번 오실때마다 꼭 똑같은 이야기를 반복하십니다.\n\n또 분명 화장실의 위치를 알려드렸는데 화장실을 찾아서 현관문 밖으로 나가시려했습니다.\n\n그리고 돈을 세고 계시길래 옆에서 지지켜봤었는데 오만원권 두 장을 세시고 만원 이라고 하시길래 제가 십만원이라고 정정해드렸습니다.\n\n인터넷에서 본 치매 전조 증상처럼 저희 할머니 맛도 그렇고 냄새 맡으시는 것도 약간 떨어지셔서 음식하시는데 힘들어하십니다.\n\n위의 글을 종합했을때 단순히 나이가 들어서 감각이 무뎌진건지 혹시 치매의 전조증상인지 알고 싶습니다.',
    '2023-07-05 20:01:30', 'ahn94', 'PO-0001'),
    ('저 치매인가요?',
    '제가 자꾸 햇던일 이 자꾸생각이안나서\n그러는데 치매인가요?\n꼭좀알려주세요\n저는초등학생이고요',
    '2023-04-15 9:41:30', 'lee99', 'PO-0002');

-- PAGE 커뮤니티 게시글 + 댓글
INSERT INTO PAGE (COMMENT_CONTENT, COMMENT_DATE, MEMBERID, POST_ID, COMMENT_ID)
VALUES
    ('안녕하세요. 치매, 동행 신경과 상담의 이종문 입니다.\n\n치매는 뇌의 질환으로 인지기능이 저하되어 사회생활이나\n직장생활에 문제가 생기는 경우를 말합니다. 인지기능에는 기억력, 판단력,\n집중력, 시공간지각력, 언어능력 등이 포함됩니다. 치매에서 가장 흔하고\n가장 먼저 나타나는 증상은 기억장애입니다.\n\n기억장애는 뇌의 이상이 없이도 나타납니다. 심한 스트레스, 여러가지 생각이 많거나,\n우울감 등이 있을 경우 발생할 수 있습니다. 이러한 상태를 건망증이라고 부르고 있습니다.\n\n건망증의 경우에는 사안의 전부를 기억하지 못하는 것 보다는 비교적 중요하지 않은\n내용을 부분적으로 기억하게 되며, 힌트를 얻으면 기억이 다시 떠오르기도 합니다.\n본인이 기억력이 떨어진 것에 대해 잘 알고 있고, 그에 대해 걱정을 많이 하게 됩니다.\n\n치매의 기억저하는 이미 알고 있던 내용을 잊는 것이라기 보다는 새로운 기억이\n뇌에 입력이 안되는 형태를 보입니다. 따라서 오래된 기억은 잘 유지되지만,\n최근의 기억에 대해서는 전혀 알지 못하는 일이 있을 수 있습니다.\n\n뇌에 저장된 내용이 없기 때문에 아무리 기억을 떠올리려 하고 주변에서\n기억에 대한 정보를 주어도 일단 기억하지 못하는 내용에 대해서는 기억을 돌릴 수 없습니다.\n\n건망증은 치매의 전조라기 보다는 본인이 겪는 스트레스 등에 의한 일시적인\n현상으로 볼 수 있습니다. 반면에 치매는 뇌의 병적인 변화로 인해\n나타나는 기억저하를 보입니다.\n\n인지기능 평가와 신경학적 진찰을 통해 기억저하에 대한 진료가 필요합니다.\n가까운 신경과를 방문하셔서 병력청취 및 신경학적 검진, 적절한 검사를 받아보시기를 권유드립니다.\n\n감사합니다.',
    '2023-07-05 20:59:50', 'jung92', 'PO-0001', 'CO-0001'),
    ('안녕하세요. 치매, 동행 파트너 마음상담입니다.\n\n자꾸 깜빡깜빡하는 건망증이 있나봐요.\n혹시 치매는 아닐지 걱정이 되었군요.\n\n건망증과 치매는 다른 문제랍니다.\n치매는 뇌의 손상이 있어 생겨나는 문제이구요.\n건망증은 누구나 경험할 수 있는데요.\n\n스트레스를 많이 받거나, 하는 일이 많거나 할 때\n누구나 깜빡깜빡 할 수 있어요.\n\n엄마들이 보통 가사와 자녀를 동시에 챙기다 보면\n음식을 태우거나 집안일을 깜빡하기도 하시죠.\n\n혹시 깜빡깜빡 하는 일이 잦아지면\n스트레스를 많이 받고 있는 중일 수 있어요.\n그럴 때는 상담으로 도움을 받을 수 있는데요.\n전화나 온라인 상담도 가능하니 이용해보세요.\n\n편안한 하루 보내세요^^',
    '2023-04-15 13:02:21', 'cho97', 'PO-0002', 'CO-0002'),
    ('초등학생이 치매라.....ㅎㅎㅎ 애매하네요~\n아무리 그래도 초등학생이 치매이진 않을거에욯ㅎㅎㅎ \n\n그래도 혹시 모르니 진단을 미리 받아놓는 게 좋으니까\n가까운 치매 병원이나\n치매 치료로 알려진 곳을 찾아가는 게 좋을거예요\n\n \n제가 아는 곳을 알려드리자면\n치매 치료로 알려진 곳인데 경희서울한의원입니다.\n원장님께서 하버드에서 치매치료교육도 받았고, 워낙 치매 치료로 잘 알려진 곳이라서 좋아요\n\n치매가 아니길 바래요^^;;',
    '2023-04-16 7:16:10', 'yang86', 'PO-0002', 'CO-0003');

